date,Sleep Score,Total Sleep Score,REM Sleep Score,Deep Sleep Score,Sleep Efficiency Score,Sleep Tranquility Score,Sleep Latency Score,Sleep Timing Score,Total Bedtime,Total Sleep Time,Awake Time,REM Sleep Time,Light Sleep Time,Deep Sleep Time,Restless Sleep,Sleep Efficiency,Sleep Latency,Sleep Timing,Sleep Timing,Bedtime Start,Bedtime End,Average Resting Heart Rate,Lowest Resting Heart Rate,Average HRV,Temperature Deviation,Respiratory Rate,Activity Score,Stay Active Score,Move Every Hour Score,Meet Daily Targets Score,Training Frequency Score,Training Volume Score,Recovery Time Score,Activity Burn,Total Burn,Target Calories,Steps,Daily Movement,Inactive Time,Rest Time,Low Activity Time,Medium Activity Time,High Activity Time,Non-wear Time,Average MET,Long Periods of Inactivity,Readiness Score,Previous Night Score,Sleep Balance Score,Previous Day Activity Score,Activity Balance Score,Temperature Score,Resting Heart Rate Score,HRV Balance Score,Recovery Index Score
2019-09-16,,,,,,,,,,,,,,,,,,,,,,,,,,,96,99,78,95,100,100,98,520,2674,500,8316,9507,308,244,145,75,0,668,1.40625,2,,,,,,,,,
2019-09-17,67,76,25,23,95,61,86,86,28740,25830,2910,1860,22590,1380,63,90,600,12570,,2019-09-16T23:57:12-04:00,2019-09-17T07:56:12-04:00,48.12,44,115,-0.2,14.375,93,86,95,100,100,100,86,735,2933,500,12593,13750,469,522,328,71,0,50,1.59375,1,83,61,83,84,79,96,97,,100
2019-09-18,78,87,56,65,98,56,86,90,31020,28710,2310,3990,20970,3750,62,93,600,14460,,2019-09-17T23:17:35-04:00,2019-09-18T07:54:35-04:00,51.72,46,99,0.03,14.75,90,78,95,100,100,100,78,829,3054,500,13003,14833,530,519,288,103,0,0,1.65625,1,82,75,89,86,85,100,90,,54
2019-09-19,72,82,58,50,86,53,75,80,31740,27300,4440,4200,20160,2940,62,86,330,15060,,2019-09-18T23:29:00-04:00,2019-09-19T08:18:00-04:00,50.75,45,103,-0.09,14.125,88,80,100,100,100,100,69,1266,3635,500,26541,23896,527,243,540,128,2,0,2,0,83,67,86,87,81,100,90,,89
2019-09-20,59,54,41,84,100,75,62,1,21000,20280,720,3000,12420,4860,49,97,30,10260,,2019-09-20T07:26:58-04:00,2019-09-20T13:16:58-04:00,73,59,47,0.17,15.625,77,89,95,100,100,100,13,907,3239,250,22182,16771,447,369,553,70,1,0,1.78125,1,51,49,76,72,73,88,1,,76
2019-09-21,48,46,27,44,95,54,70,1,20520,18390,2130,1980,13830,2580,63,90,240,9780,,2019-09-21T10:11:57-04:00,2019-09-21T15:53:57-04:00,68.5,57,58,0.41,15.625,77,98,100,100,100,100,6,955,3278,250,23579,17744,316,478,570,76,0,0,1.78125,0,54,34,65,89,73,66,17,,2
2019-09-22,,,,,,,,,,,,,,,,,,,,,,,,,,,78,62,95,100,100,100,48,710,3019,250,17863,13393,631,332,418,58,1,0,1.65625,1,53,14,46,96,76,89,75,,35
2019-09-23,70,79,40,80,93,73,86,19,29880,26520,3360,2880,19050,4590,47,89,570,14520,,2019-09-23T01:58:59-04:00,2019-09-23T10:16:59-04:00,54,47,101,-0.24,14.75,98,89,100,100,100,100,98,943,3259,500,23507,17825,445,424,478,93,0,0,1.78125,0,70,63,52,83,80,96,84,,79
2019-09-24,55,53,33,80,79,70,62,1,24300,20130,4170,2400,13110,4620,43,83,1740,12630,,2019-09-24T05:33:58-04:00,2019-09-24T12:18:58-04:00,55,47,96,-0.08,14.75,97,80,100,100,100,99,100,742,3007,300,17225,14153,508,466,404,61,1,0,1.65625,0,63,42,46,88,78,100,92,,38
2019-09-25,,,,,,,,,,,,,,,,,,,,,,,,,,,96,78,100,100,100,97,100,263,2392,200,6123,5039,227,363,200,8,0,642,1.3125,0,36,7,28,90,81,90,27,,40
2019-09-26,,,,,,,,,,,,,,,,,,,,,,,,,,,96,76,100,100,100,96,100,469,2792,200,10788,7991,597,43,353,33,2,412,1.5625,0,,,,,,,,,
2019-09-27,40,38,10,22,65,50,94,1,21180,16230,4950,750,14190,1290,58,77,990,11970,,2019-09-27T05:04:08-04:00,2019-09-27T10:57:08-04:00,64.625,53,78,0.3,14.875,94,65,100,100,100,95,100,275,2381,250,6729,5033,628,614,174,24,0,0,1.28125,0,52,19,20,65,87,76,58,,1
2019-09-28,70,98,31,66,86,59,72,16,36840,31830,5010,2250,25770,3810,55,86,300,17520,,2019-09-28T01:30:28-04:00,2019-09-28T11:44:28-04:00,51.375,44,109,-0.37,14.75,95,88,78,100,100,96,100,680,2852,500,12252,12723,435,620,315,70,0,0,1.53125,2,76,63,39,100,94,92,99,,95
2019-09-29,63,80,25,42,88,49,89,27,30660,26730,3930,1860,22440,2430,58,87,660,13920,,2019-09-29T01:32:52-04:00,2019-09-29T10:03:52-04:00,51.85,45,106,0.27,15,92,73,78,100,96,95,100,257,2400,500,6208,4503,470,736,227,7,0,0,1.28125,2,77,53,49,98,95,80,100,,46
2019-09-30,68,82,32,36,95,58,97,49,30180,27270,2910,2340,22860,2070,59,90,840,14730,,2019-09-30T00:34:57-04:00,2019-09-30T08:57:57-04:00,50,44,111,-0.16,14.5,91,63,78,100,96,96,100,581,2820,500,8163,10028,632,452,279,65,0,12,1.53125,2,81,60,59,100,100,99,100,,100
2019-10-01,59,65,38,12,93,57,81,47,26100,23220,2880,2760,19740,720,65,89,1320,13170,,2019-10-01T01:04:42-04:00,2019-10-01T08:19:42-04:00,52.375,47,98,-0.12,14.875,94,95,100,95,71,95,100,333,2499,500,7531,6039,390,501,287,15,0,247,1.375,0,75,47,61,89,100,100,100,,69
2019-10-02,74,80,53,87,86,56,81,63,31260,26970,4290,3840,18180,4950,40,86,480,15360,,2019-10-01T23:56:02-04:00,2019-10-02T08:37:02-04:00,51.75,47,102,0.32,15.125,87,56,60,95,96,96,100,539,2764,500,6441,9612,665,473,240,62,0,0,1.5,3,81,69,70,78,100,78,100,,100
2019-10-03,64,76,44,48,83,46,75,57,30480,25890,4590,3150,19920,2820,53,85,330,12600,,2019-10-03T00:55:45-04:00,2019-10-03T09:23:45-04:00,51.23,47,88,-0.02,14.5,89,76,95,78,96,96,100,335,2472,500,6522,6015,547,607,230,26,0,30,1.34375,1,81,54,76,89,100,100,92,,100
2019-10-04,49,51,8,45,34,33,99,74,30780,19590,11190,600,16380,2610,43,64,900,17250,,2019-10-03T23:02:41-04:00,2019-10-04T07:35:41-04:00,61.875,48,75,-0.1,15,87,60,95,78,96,96,100,496,2777,350,9670,8622,654,359,374,34,1,18,1.53125,1,68,32,70,98,100,100,92,,17
2019-10-05,76,82,85,93,96,59,97,14,30300,27450,2850,6030,16110,5310,42,91,840,14700,,2019-10-05T02:25:02-04:00,2019-10-05T10:50:02-04:00,65.75,55,52,0.08,14.75,90,96,100,78,71,95,100,639,2937,300,12854,11175,423,468,510,35,1,3,1.59375,0,65,72,75,88,100,98,14,,100
2019-10-06,45,33,32,53,74,66,75,4,18780,15090,3690,2340,9690,3060,46,80,360,8040,,2019-10-06T05:18:20-04:00,2019-10-06T10:31:20-04:00,58.8,52,82,0.16,14.125,84,69,95,78,71,81,100,171,2282,300,3470,2706,612,638,188,2,0,0,1.21875,1,57,26,62,100,100,91,55,,34
2019-10-07,78,85,57,58,97,60,89,87,30600,28110,2490,4140,20640,3330,40,92,660,13830,,2019-10-06T23:35:33-04:00,2019-10-07T08:05:33-04:00,50.55,46,102,-0.16,14.625,72,62,78,60,40,72,100,317,2478,600,6686,5714,631,546,228,23,0,12,1.34375,2,85,75,68,100,100,99,100,,82
2019-10-08,68,76,40,50,95,51,83,73,28860,25830,3030,2910,20010,2910,52,90,510,14070,,2019-10-07T23:57:21-04:00,2019-10-08T07:58:21-04:00,50.5,44,118,-0.25,14.125,72,63,95,60,40,60,100,293,2468,500,5846,5134,574,553,267,10,0,36,1.34375,1,84,60,71,96,100,97,100,,100
2019-10-09,67,80,52,33,98,46,70,65,28860,26880,1980,3750,21180,1950,55,93,240,14310,,2019-10-09T00:10:34-04:00,2019-10-09T08:11:34-04:00,46.85,43,114,-1.19,14.5,72,85,100,60,1,63,100,540,2784,500,10355,9536,480,480,427,34,0,19,1.53125,0,79,59,75,98,100,65,98,,100
2019-10-10,62,72,34,15,97,52,78,64,27120,24870,2250,2430,21540,900,65,92,420,12180,,2019-10-10T00:48:16-04:00,2019-10-10T08:20:16-04:00,49.02,45,98,-0.55,14.375,69,65,95,60,1,65,100,307,2476,500,6247,5230,628,567,199,26,0,20,1.34375,1,84,51,76,98,100,86,100,,100
2019-10-11,72,87,49,57,93,48,91,58,32160,28710,3450,3540,21870,3300,50,89,720,16020,,2019-10-10T23:57:05-04:00,2019-10-11T08:53:05-04:00,54.46,47,89,-0.13,15.125,62,65,78,43,1,61,100,408,2675,500,8373,7422,668,319,365,15,0,73,1.46875,2,79,66,81,96,100,100,97,,22
2019-10-12,55,37,40,77,96,64,94,13,17580,16080,1500,2880,8760,4440,37,91,750,8100,,2019-10-12T04:22:01-04:00,2019-10-12T09:15:01-04:00,69.82,61,40,0.01,15,75,83,100,43,40,84,100,782,3091,200,16742,14398,495,345,516,62,0,22,1.6875,0,38,41,43,89,96,100,1,,7
2019-10-13,63,48,54,79,100,79,83,23,19740,18690,1050,3870,10260,4560,32,95,540,9450,,2019-10-13T02:57:58-04:00,2019-10-13T08:26:58-04:00,62.95,57,67,-0.07,15,71,68,95,43,40,80,100,299,2460,300,6098,5407,587,605,233,14,1,0,1.34375,1,52,53,38,89,93,100,23,,80
2019-10-14,76,77,41,96,97,62,78,90,28560,26130,2430,2970,16950,6210,38,91,420,12810,,2019-10-13T23:45:45-04:00,2019-10-14T07:41:45-04:00,49.55,45,108,-0.12,14.625,81,65,95,60,71,96,100,549,2695,500,6399,10012,589,573,208,69,0,1,1.46875,1,82,72,52,100,99,100,100,,100
2019-10-15,64,65,40,21,90,45,94,95,26220,22950,3270,2940,18780,1230,53,88,750,13050,,2019-10-14T23:31:09-04:00,2019-10-15T06:48:09-04:00,52.41,48,90,-0.05,14.5,75,48,60,60,71,95,100,205,2340,500,4081,3605,775,480,171,12,0,2,1.28125,3,72,54,54,92,98,100,84,,78
2019-10-16,69,80,49,55,81,45,91,63,32160,26850,5310,3510,20190,3150,52,83,690,16380,,2019-10-15T23:40:10-04:00,2019-10-16T08:36:10-04:00,51.64,46,100,0.31,14.75,76,68,95,43,71,88,100,371,2600,500,7207,6445,556,547,310,18,0,9,1.40625,1,80,61,62,91,100,78,100,,88
2019-10-17,67,64,44,76,97,51,83,70,24840,22770,2070,3180,15210,4380,48,92,540,12330,,2019-10-17T00:32:26-04:00,2019-10-17T07:26:26-04:00,51.27,48,96,-0.07,14.625,86,80,95,60,96,96,100,618,2837,500,8556,10925,502,441,298,73,0,126,1.5625,1,80,59,63,99,100,100,91,,100
2019-10-18,67,72,37,67,96,48,67,78,27360,24750,2610,2670,18210,3870,48,90,180,13470,,2019-10-17T23:58:42-04:00,2019-10-18T07:34:42-04:00,52.52,47,97,0.02,14.875,79,40,95,60,96,95,100,170,2327,500,3600,2924,836,383,162,2,0,57,1.28125,1,79,59,66,83,100,100,91,,100
2019-10-19,66,58,49,73,93,66,97,44,24060,21390,2670,3540,13680,4170,40,89,930,11940,,2019-10-19T01:31:54-04:00,2019-10-19T08:12:54-04:00,51.37,47,90,-0.15,14,87,100,78,60,96,95,100,639,2894,500,10045,11255,463,499,432,46,0,0,1.5625,2,78,57,63,83,100,100,91,,100
2019-10-20,70,98,55,19,95,52,72,39,35160,31590,3570,3960,26490,1140,60,90,1470,17910,,2019-10-20T00:02:08-04:00,2019-10-20T09:48:08-04:00,54.04,47,91,0.31,14.75,84,74,100,60,96,89,100,313,2490,500,6175,5305,563,570,294,13,0,0,1.34375,0,82,63,76,98,100,78,91,,59
2019-10-21,64,77,44,32,83,42,67,78,30480,26010,4470,3150,20940,1920,55,85,180,12240,,2019-10-21T00:19:07-04:00,2019-10-21T08:47:07-04:00,50.33,46,103,-0.2,14.625,71,61,78,43,71,79,100,294,2459,600,5517,5172,656,479,246,18,0,41,1.34375,2,86,54,83,100,100,98,99,,100
2019-10-22,58,66,33,36,90,48,67,54,26460,23310,3150,2370,18870,2070,56,88,150,11100,,2019-10-22T01:26:43-04:00,2019-10-22T08:47:43-04:00,50.25,45,102,-0.2,14.75,73,73,100,43,71,66,100,295,2463,500,6002,5114,560,587,262,11,0,20,1.34375,0,82,45,80,91,100,98,99,,100
2019-10-23,70,83,62,60,88,47,81,48,31980,27690,4290,4440,19800,3450,47,87,450,15900,,2019-10-23T00:19:53-04:00,2019-10-23T09:12:53-04:00,60.5,53,58,-0.02,14.875,84,76,95,60,96,93,100,664,2885,500,8092,11976,555,476,334,68,0,7,1.5625,1,71,63,85,100,100,100,44,,71
2019-10-24,56,64,53,26,74,39,83,40,28320,22770,5550,3810,17430,1530,60,80,1260,15210,,2019-10-24T00:45:33-04:00,2019-10-24T08:37:33-04:00,51.06,47,103,-0.44,13.75,77,72,100,43,71,89,100,464,2684,500,9218,8512,590,484,339,27,0,0,1.46875,0,80,42,82,89,100,90,92,,100
2019-10-25,63,75,52,48,60,46,91,42,34200,25650,8550,3750,19110,2790,46,75,690,17310,,2019-10-25T00:06:29-04:00,2019-10-25T09:36:29-04:00,57.65,50,73,0.14,14,74,72,78,43,71,83,100,407,2641,500,8262,7167,543,455,361,17,0,64,1.4375,2,76,53,79,94,100,93,77,,73
2019-10-26,67,78,77,58,86,48,86,19,30720,26460,4260,5520,17610,3330,50,86,570,14880,,2019-10-26T01:52:32-04:00,2019-10-26T10:24:32-04:00,75.15,62,26,0.44,15.625,76,96,95,43,40,85,100,697,3009,300,14299,12681,391,393,565,34,0,57,1.65625,1,61,59,80,92,100,67,1,,1
2019-10-27,55,43,37,54,97,67,97,10,19020,17520,1500,2700,11730,3090,45,92,810,9660,,2019-10-27T04:16:32-04:00,2019-10-27T09:33:32-04:00,72.75,65,33,0.54,15.25,74,58,95,60,40,79,100,302,2469,250,5797,5374,649,533,241,16,1,0,1.34375,1,54,41,69,93,99,59,1,,25
2019-10-28,53,60,24,75,62,23,91,39,28740,21840,6900,1770,15750,4320,48,76,1080,13680,,2019-10-28T01:13:15-04:00,2019-10-28T09:12:15-04:00,54.83,49,88,-0.3,14.25,69,51,60,60,40,73,100,373,2541,500,7627,6981,721,448,238,24,0,9,1.40625,3,73,38,66,94,100,95,79,,100
2019-10-29,63,68,56,65,95,55,72,23,26460,23760,2700,3990,16020,3750,43,90,300,12750,,2019-10-29T02:03:49-04:00,2019-10-29T09:24:49-04:00,54.42,48,86,-0.24,14.375,71,62,78,60,40,68,100,267,2401,500,5065,4799,651,544,192,18,1,34,1.3125,2,75,53,66,86,100,97,95,,65
2019-10-30,64,76,51,16,93,48,91,56,29100,25800,3300,3720,21150,930,61,89,720,14280,,2019-10-30T00:30:09-04:00,2019-10-30T08:35:09-04:00,52.16,48,89,-0.45,14,64,72,95,43,1,56,100,383,2610,500,7750,6704,580,457,387,9,0,7,1.4375,1,79,54,70,91,100,90,87,,100
2019-10-31,66,78,79,33,98,46,78,32,28380,26280,2100,5610,18690,1980,52,93,420,13050,,2019-10-31T01:38:39-04:00,2019-10-31T09:31:39-04:00,55.21,50,77,-0.27,14.125,61,66,78,43,1,53,100,257,2414,500,4782,4505,568,587,196,16,0,73,1.3125,2,77,57,77,96,100,96,79,,75
2019-11-01,63,70,53,62,86,40,94,31,28200,24330,3870,3810,16950,3570,51,86,1020,14250,,2019-11-01T01:19:08-04:00,2019-11-01T09:09:08-04:00,54.21,45,86,0.05,14.375,63,68,100,43,1,49,100,337,2539,500,6728,5919,608,489,315,13,0,15,1.375,0,79,53,74,91,100,100,95,,72
2019-11-02,54,69,57,22,62,39,75,24,31980,24180,7800,4080,18810,1290,56,76,1440,16140,,2019-11-02T01:03:11-04:00,2019-11-02T09:56:11-04:00,63.91,54,57,0.09,15.125,54,56,78,25,1,45,100,204,2320,300,3740,3731,640,580,151,11,0,58,1.25,2,57,39,75,94,100,98,33,,37
2019-11-03,76,98,97,29,95,48,75,51,35280,31710,3570,7830,22140,1740,53,90,360,17070,,2019-11-02T23:52:30-05:00,2019-11-03T09:40:30-05:00,55.87,52,78,-0.03,14.375,56,96,100,1,1,45,100,376,2526,500,7696,6780,365,635,305,17,0,118,1.375,0,79,72,87,89,100,100,57,,100
2019-11-04,61,77,28,18,93,45,75,60,29460,26070,3390,2100,22920,1050,52,88,330,14460,,2019-11-04T00:18:36-05:00,2019-11-04T08:29:36-05:00,54.53,50,78,0.02,14.375,50,68,78,1,1,45,100,240,2361,500,4725,4337,602,559,180,15,0,84,1.28125,2,81,50,89,90,100,100,81,,100
2019-11-05,61,72,45,44,76,44,72,56,30180,24780,5400,3270,18930,2580,50,82,1500,14910,,2019-11-05T00:18:00-05:00,2019-11-05T08:41:00-05:00,55.78,49,90,-0.02,14.75,68,81,95,25,40,74,100,509,2668,500,6058,9075,509,546,241,58,0,86,1.4375,1,74,50,88,87,100,100,73,,60
2019-11-06,70,87,47,42,95,45,72,69,31800,28650,3150,3420,22800,2430,51,90,300,15690,,2019-11-05T23:39:31-05:00,2019-11-06T08:29:31-05:00,58.03,52,77,0.14,14.75,75,52,100,43,71,96,100,561,2774,500,6293,10052,694,437,233,70,2,4,1.53125,0,75,63,93,86,100,93,58,,68
2019-11-07,54,44,20,66,90,54,94,37,20400,17880,2520,1500,12540,3840,39,88,780,10230,,2019-11-07T02:14:31-05:00,2019-11-07T07:54:31-05:00,57.73,53,68,0.09,14.375,86,85,100,60,96,99,98,1188,3551,350,18367,21304,512,271,496,145,2,14,1.96875,0,67,39,82,80,100,97,51,,83
2019-11-08,72,73,98,97,65,75,94,1,32580,25200,7380,8070,9930,7200,36,77,750,16530,,2019-11-08T04:44:01-05:00,2019-11-08T13:47:01-05:00,68.39,62,36,0.37,13.375,87,80,100,78,96,99,89,347,2487,300,6810,6064,437,728,247,28,0,0,1.34375,0,60,66,82,72,90,73,1,,100
2019-11-09,61,76,52,7,93,45,81,39,29220,25920,3300,3780,21720,420,59,89,480,15090,,2019-11-09T00:49:46-05:00,2019-11-09T08:56:46-05:00,58.57,52,85,0.03,14,88,58,60,95,100,100,100,568,2736,500,7819,10047,676,481,201,81,1,0,1.5,3,72,50,83,100,91,100,61,,78
2019-11-10,60,76,57,39,81,41,75,22,30720,25860,4860,4140,19440,2280,56,84,330,14580,,2019-11-10T01:41:56-05:00,2019-11-10T10:13:56-05:00,57.9,52,78,0.3,13.875,88,66,43,95,100,98,100,137,2212,500,2593,2450,617,681,132,5,0,5,1.1875,4,71,48,83,82,89,79,54,,100
2019-11-11,60,74,35,21,69,37,81,76,31800,25260,6540,2580,21450,1230,68,79,480,15540,,2019-11-10T23:27:31-05:00,2019-11-11T08:17:31-05:00,61.06,54,72,0.34,13.75,93,70,95,95,100,96,100,255,2365,500,5119,4696,556,626,213,8,0,37,1.28125,1,71,48,83,100,94,76,47,,25
2019-11-12,78,90,61,65,88,41,99,89,33720,29400,4320,4350,21300,3750,54,87,870,16800,,2019-11-11T22:40:36-05:00,2019-11-12T08:02:36-05:00,55.37,49,85,0.01,13,84,68,60,78,96,93,100,211,2334,500,4057,3741,611,576,170,12,0,71,1.28125,3,82,75,90,94,97,100,64,,100
2019-11-13,76,89,47,73,72,46,99,89,36540,29130,7410,3390,21540,4200,51,80,870,16860,,2019-11-12T22:40:59-05:00,2019-11-13T08:49:59-05:00,57.77,52,77,0.15,13.5,72,63,60,60,71,65,100,193,2308,500,3718,3298,627,620,186,7,0,0,1.25,3,84,72,97,89,100,92,66,,100
2019-11-14,67,58,48,58,97,64,99,70,23220,21420,1800,3450,14610,3360,43,92,900,11820,,2019-11-14T00:42:10-05:00,2019-11-14T07:09:10-05:00,54,50,92,-0.52,14,78,60,95,60,71,86,100,561,2726,500,6223,10103,667,452,212,72,1,36,1.5,1,82,59,88,97,100,87,82,,89
2019-11-15,69,83,48,48,93,49,86,47,30840,27600,3240,3450,21330,2820,50,89,600,15000,,2019-11-15T00:34:19-05:00,2019-11-15T09:08:19-05:00,56.19,53,72,0.15,14.5,85,78,95,60,96,97,100,944,3224,500,12930,17046,539,391,383,125,0,2,1.78125,1,79,61,91,79,100,92,67,,100
2019-11-16,43,41,25,21,72,42,83,19,21360,17100,4260,1860,13980,1260,55,80,510,10830,,2019-11-16T02:58:26-05:00,2019-11-16T08:54:26-05:00,66.79,60,40,0.23,14.25,84,90,100,60,71,97,98,504,2738,300,9843,8918,442,514,441,18,0,25,1.5,0,58,23,77,79,92,85,6,,85
2019-11-17,78,100,96,42,88,48,81,50,37140,32400,4740,7140,22830,2430,56,87,480,18510,,2019-11-16T23:30:52-05:00,2019-11-17T09:49:52-05:00,54.98,50,84,-0.02,13.625,79,79,60,60,71,96,100,111,2184,650,3448,1959,398,555,99,5,0,383,0.84375,3,90,75,87,96,90,100,100,,100
2019-11-18,,,,,,,,,,,,,,,,,,,,,,,,,,,92,95,95,78,96,96,100,736,3019,650,13816,13828,399,216,417,56,1,351,1.65625,1,,,,,,,,,
2019-11-19,64,80,47,47,86,39,86,37,31200,26790,4410,3390,20670,2730,58,86,570,15270,,2019-11-19T00:50:27-05:00,2019-11-19T09:30:27-05:00,53.88,49,88,-0.1,13.625,91,87,95,78,96,96,100,322,2444,500,6021,5681,456,632,231,20,2,99,1.3125,1,82,54,90,64,86,100,100,,90
2019-11-20,59,74,57,4,83,41,70,53,29880,25260,4620,4140,20880,240,66,85,1530,15150,,2019-11-20T00:19:28-05:00,2019-11-20T08:37:28-05:00,54.15,48,91,-0.28,14,90,78,95,78,100,96,100,286,2379,500,5754,5459,530,661,179,17,0,53,1.28125,1,80,47,88,88,90,95,92,,83
2019-11-21,72,82,74,40,90,47,91,68,31260,27450,3810,5250,19890,2310,53,88,1050,15330,,2019-11-20T23:47:59-05:00,2019-11-21T08:28:59-05:00,52.89,47,97,-0.29,14.125,80,56,78,60,96,95,100,377,2580,650,6809,6820,709,352,242,29,1,107,1.4375,2,89,66,92,91,93,95,100,,96
2019-11-22,45,38,16,70,62,38,89,21,21480,16350,5130,1170,11160,4020,49,76,660,9420,,2019-11-22T03:11:28-05:00,2019-11-22T09:09:28-05:00,51.09,46,107,-0.32,13.875,83,80,100,60,71,94,100,589,2849,500,11389,10520,488,472,421,38,0,21,1.5625,0,74,26,75,76,95,94,100,,85
2019-11-23,61,75,38,27,96,49,75,34,27900,25500,2400,2760,21150,1590,49,91,330,13920,,2019-11-23T01:18:59-05:00,2019-11-23T09:03:59-05:00,54.22,51,84,0.19,14.5,86,98,100,60,71,95,100,855,3243,500,16740,15451,359,327,711,41,0,2,1.78125,0,76,50,74,91,92,88,83,,93
2019-11-24,54,59,53,78,48,46,81,1,30900,21480,9420,3840,13170,4470,49,70,1320,13740,,2019-11-24T04:46:29-05:00,2019-11-24T13:21:29-05:00,63.58,53,56,0.29,13.875,69,48,60,60,40,77,100,90,2163,300,1701,1542,737,617,83,3,0,0,1.15625,3,61,39,55,93,75,80,38,,94
2019-11-25,65,60,45,81,88,69,97,22,25320,21930,3390,3210,14070,4650,41,87,840,12510,,2019-11-25T02:14:56-05:00,2019-11-25T09:16:56-05:00,52.98,48,90,0.06,14.25,67,72,100,43,1,72,100,299,2421,500,5896,5401,573,583,216,20,0,48,1.3125,0,76,56,52,92,84,100,100,,100
2019-11-26,67,86,56,36,93,45,75,39,31860,28410,3450,3990,22350,2070,57,89,360,15600,,2019-11-26T00:41:22-05:00,2019-11-26T09:32:22-05:00,54.33,48,97,0.05,14.25,68,77,100,43,1,72,100,344,2508,500,6393,6264,436,457,226,27,0,294,1.375,0,75,59,49,89,90,100,100,,83
2019-11-27,,,,,,,,,,,,,,,,,,,,,,,,,,,80,81,95,60,40,95,100,691,2983,500,8926,12280,481,166,354,70,0,369,1.65625,1,,,,,,,,,
2019-11-28,38,42,27,1,62,26,86,15,22620,17280,5340,1950,15300,30,47,76,600,11730,,2019-11-28T03:08:29-05:00,2019-11-28T09:25:29-05:00,65,53,53,0.51,15,76,59,100,60,40,87,100,229,2397,250,4715,3867,686,516,231,7,0,0,1.3125,0,50,16,41,62,91,62,46,,9
2019-11-29,70,83,69,57,86,46,94,38,32040,27540,4500,4890,19350,3300,50,86,1020,15570,,2019-11-29T00:43:59-05:00,2019-11-29T09:37:59-05:00,51.2,48,93,-0.43,14.375,73,48,43,60,71,96,100,497,2643,150,5570,9224,610,602,163,65,0,0,1.4375,4,79,63,51,91,96,90,100,,100
2019-11-30,67,75,56,95,83,51,91,3,30240,25710,4530,4020,16020,5670,51,85,690,15000,,2019-11-30T03:26:19-05:00,2019-11-30T11:50:19-05:00,53.35,49,82,0.07,14.125,81,95,100,43,71,95,100,426,2595,500,8361,7878,387,572,331,12,1,137,1.40625,0,70,59,23,87,96,99,100,,100
2019-12-01,77,96,96,72,98,47,94,7,33420,30960,2460,7380,19470,4110,52,93,1020,17100,,2019-12-01T02:28:29-05:00,2019-12-01T11:45:29-05:00,52.14,47,86,0.13,14.125,72,73,60,43,71,84,100,123,2167,500,2471,2207,543,781,111,5,0,0,1.15625,3,83,73,56,100,100,94,100,,100
2019-12-02,56,49,12,36,90,52,78,91,21600,18960,2640,870,16020,2070,46,88,420,10470,,2019-12-02T00:22:19-05:00,2019-12-02T06:22:19-05:00,57.49,52,66,0.17,14.5,82,59,95,60,96,95,100,542,2764,300,8495,9487,679,407,296,55,2,1,1.5,1,61,42,54,100,100,91,77,,4
2019-12-03,67,80,67,57,88,56,64,29,30900,26820,4080,4770,18780,3270,42,87,120,14730,,2019-12-03T01:14:58-05:00,2019-12-03T09:49:58-05:00,53.01,48,73,-0.06,14.25,93,96,95,78,100,96,100,804,3049,500,10653,14575,390,535,434,81,0,0,1.65625,1,75,59,49,80,98,100,93,,100
2019-12-04,69,82,66,37,81,49,94,50,32640,27300,5340,4740,20430,2130,46,84,750,16050,,2019-12-04T00:12:33-05:00,2019-12-04T09:16:33-05:00,55.76,51,66,-0.1,14.375,83,62,95,60,96,96,100,256,2405,500,4712,4519,699,531,197,13,0,0,1.3125,1,73,61,62,92,81,100,77,,97
2019-12-05,41,33,10,39,83,45,91,6,17580,14940,2640,720,11940,2280,55,85,720,8730,,2019-12-05T04:55:27-05:00,2019-12-05T09:48:27-05:00,51.75,49,92,0.03,14.5,86,74,60,78,100,96,100,522,2699,300,7964,9634,549,567,276,48,0,0,1.46875,3,58,20,29,89,89,100,93,,66
2019-12-06,69,80,55,35,86,49,94,65,31440,26910,4530,3960,20940,2010,44,86,990,15930,,2019-12-05T23:43:04-05:00,2019-12-06T08:27:04-05:00,54.97,50,70,0.03,14.125,94,100,100,78,100,97,100,519,2716,350,6139,8834,247,394,250,61,1,487,1.5,0,69,61,38,90,86,100,85,,92
2019-12-07,49,49,23,30,72,46,89,39,23640,18960,4680,1710,15450,1800,43,80,660,12240,,2019-12-07T01:37:46-05:00,2019-12-07T08:11:46-05:00,72.08,59,27,0.05,15,86,48,95,78,100,96,100,125,2230,150,2446,2078,804,495,109,7,0,25,1.21875,1,33,32,36,52,89,100,15,,6
2019-12-08,47,46,28,35,76,48,97,4,22200,18270,3930,2070,14190,2010,56,82,840,12000,,2019-12-08T04:09:36-05:00,2019-12-08T10:19:36-05:00,53.16,48,93,-0.28,14,88,75,78,78,100,95,100,268,2346,300,5104,5138,430,810,170,17,0,13,1.25,2,59,29,31,84,95,96,86,,66
2019-12-09,74,87,76,33,96,53,86,62,31680,28650,3030,5430,21240,1980,43,90,570,16260,,2019-12-08T23:43:09-05:00,2019-12-09T08:31:09-05:00,52.94,47,104,0.06,14.75,89,70,95,78,100,96,100,587,2777,500,6664,10561,556,589,227,68,0,0,1.5,1,83,69,70,100,100,100,100,,75
2019-12-10,69,73,66,46,90,56,91,52,28560,25140,3420,4710,17730,2700,44,88,720,13860,,2019-12-10T00:44:11-05:00,2019-12-10T08:40:11-05:00,54.18,50,82,0.2,14.25,90,79,95,78,96,96,100,560,2875,500,10631,9744,521,383,468,35,0,33,1.5625,1,81,61,73,86,96,88,91,,100
2019-12-11,45,42,18,32,81,43,83,28,20640,17400,3240,1290,14190,1920,50,84,510,10260,,2019-12-11T02:33:43-05:00,2019-12-11T08:17:43-05:00,55.01,50,93,0.05,14.625,93,68,100,95,96,96,100,375,2529,350,4683,6605,552,608,204,39,0,37,1.375,0,65,26,63,87,92,100,83,,63
2019-12-12,75,94,72,47,76,47,99,53,37080,30330,6750,5160,22410,2760,55,82,870,17820,,2019-12-11T23:36:03-05:00,2019-12-12T09:54:03-05:00,51.89,47,99,0.1,14.375,94,89,100,95,71,96,100,608,2952,600,12053,10325,457,349,488,38,0,108,1.625,0,86,70,75,90,93,97,100,,100
2019-12-13,46,24,32,47,90,83,67,11,14340,12570,1770,2340,7470,2760,37,88,180,6450,,2019-12-13T05:00:31-05:00,2019-12-13T08:59:31-05:00,69.15,66,34,-0.42,14.375,86,70,95,78,71,96,100,624,2868,200,12390,11628,583,413,393,49,2,0,1.59375,1,42,28,58,84,89,91,1,,51
2019-12-14,66,82,75,39,88,53,64,25,31440,27360,4080,5310,19770,2280,43,87,90,14280,,2019-12-14T01:31:03-05:00,2019-12-14T10:15:03-05:00,56.34,50,82,0.05,14.5,86,74,95,78,71,95,100,271,2378,500,5404,5040,521,699,188,17,0,15,1.28125,1,73,57,65,81,80,100,90,0,78
2019-12-15,60,81,34,49,81,31,86,15,32280,27240,5040,2520,21870,2850,56,84,600,15810,,2019-12-15T02:03:00-05:00,2019-12-15T11:01:00-05:00,52.46,47,94,0.1,14.25,84,71,95,78,71,85,100,197,2291,500,3868,3498,572,665,195,8,0,0,1.25,1,82,48,76,99,88,96,98,0,100
2019-12-16,67,77,51,81,90,54,72,28,30000,26220,3780,3660,17880,4680,43,87,270,14310,,2019-12-16T01:23:32-05:00,2019-12-16T09:43:32-05:00,50.87,45,96,-0.01,14,74,70,95,60,40,69,100,245,2382,500,5059,4279,593,580,218,13,0,36,1.3125,1,84,59,79,99,92,100,100,0,90
2019-12-17,72,91,67,32,90,52,91,41,33660,29760,3900,4800,23040,1920,47,88,720,16710,,2019-12-17T00:19:15-05:00,2019-12-17T09:40:15-05:00,52.43,46,97,0.1,14.375,84,84,100,60,71,95,100,822,3099,600,11824,14968,468,438,461,71,2,0,1.71875,0,87,66,87,95,95,97,100,0,79
2019-12-18,48,53,17,42,69,53,64,18,25560,20100,5460,1230,16410,2460,34,79,90,12810,,2019-12-18T02:31:32-05:00,2019-12-18T09:37:32-05:00,61.99,51,53,0.33,15.25,70,45,78,43,71,85,100,248,2421,300,4508,4264,795,429,205,11,0,0,1.34375,2,61,31,78,83,85,76,65,0,15
2019-12-19,56,56,22,96,81,39,83,20,24660,20820,3840,1620,13290,5910,41,84,540,12270,,2019-12-19T02:30:11-05:00,2019-12-19T09:21:11-05:00,51.46,47,89,-0.16,14.25,83,90,95,60,71,85,100,742,3088,500,14670,13518,459,332,599,30,0,20,1.71875,1,78,42,70,82,90,99,100,0,100
2019-12-20,53,53,28,78,81,54,64,11,24000,20100,3900,2100,13500,4500,49,84,120,11070,,2019-12-20T03:43:00-05:00,2019-12-20T10:23:00-05:00,57.65,50,75,-0.01,14.625,80,91,100,60,40,80,100,467,2679,300,9589,8574,401,587,412,18,0,22,1.46875,0,65,38,62,88,82,100,81,0,45
2019-12-21,58,76,31,37,86,44,81,17,30180,25890,4290,2280,21480,2130,56,86,480,14460,,2019-12-21T02:09:44-05:00,2019-12-21T10:32:44-05:00,52.08,45,95,0.04,14.25,83,90,95,78,40,75,100,582,2849,500,11931,10603,429,473,517,20,0,1,1.5625,1,71,45,64,100,82,100,100,0,40
2019-12-22,72,86,64,73,96,60,89,8,31260,28500,2760,4620,19710,4170,46,91,1110,15960,,2019-12-22T02:43:43-05:00,2019-12-22T11:24:43-05:00,60.29,51,65,0.26,14.875,82,100,100,78,40,58,100,63,2116,500,1257,979,265,453,65,1,0,656,1.15625,0,71,66,72,95,79,83,88,0,15
2019-12-23,58,56,36,82,93,55,89,5,23280,20790,2490,2610,13440,4740,44,89,660,11610,,2019-12-23T04:14:11-05:00,2019-12-23T10:42:11-05:00,49.45,46,101,-0.12,14.25,88,82,78,95,71,84,100,572,2725,500,7470,10337,504,577,273,65,0,21,1.5,2,78,45,66,98,87,100,99,0,96
2019-12-24,53,59,45,19,93,48,78,21,24120,21540,2580,3210,17190,1140,50,89,390,11670,,2019-12-24T02:34:40-05:00,2019-12-24T09:16:40-05:00,50.34,48,97,-0.26,14,92,82,100,95,71,96,100,661,2940,500,9340,11172,490,466,416,68,0,0,1.625,0,75,38,61,90,84,96,100,0,100
2019-12-25,52,61,57,56,30,39,91,15,35580,22020,13560,4140,14670,3210,45,62,1080,18420,,2019-12-25T01:20:29-05:00,2019-12-25T11:13:29-05:00,67.13,57,47,0.37,14,87,61,78,100,71,95,98,291,2437,250,5430,5307,637,545,246,12,0,0,1.34375,2,52,36,59,89,81,73,32,0,23
2019-12-26,75,89,77,79,96,56,81,20,32040,29070,2970,5490,19050,4530,49,91,450,15810,,2019-12-26T01:29:39-05:00,2019-12-26T10:23:39-05:00,50.06,46,97,-0.13,14.25,90,69,100,95,71,90,100,359,2595,500,7338,5956,612,440,364,12,0,12,1.4375,0,82,70,68,90,85,100,100,0,100
2019-12-27,51,58,29,43,74,38,99,7,26280,21330,4950,2130,16680,2520,53,81,870,13440,,2019-12-27T03:32:29-05:00,2019-12-27T10:50:29-05:00,59.42,53,63,0.03,14.375,79,52,78,78,71,81,100,176,2233,300,3765,2973,496,799,125,17,0,3,0.71875,2,60,35,63,91,87,100,56,0,34
2019-12-28,,,,,,,,,,,,,,,,,,,,,,,,,,,77,84,78,60,71,66,100,319,2432,500,6633,6009,470,725,235,9,1,0,1.3125,2,72,63,61,100,93,0,0,,0
2019-12-29,,,,,,,,,,,,,,,,,,,,,,,,,,,74,62,100,60,71,53,100,188,2351,500,3874,3209,667,303,176,9,0,285,1.3125,0,,,,,,,,,
2019-12-30,,,,,,,,,,,,,,,,,,,,,,,,,,,57,45,43,43,40,40,100,116,2285,500,2263,1997,768,156,107,6,0,403,1.28125,4,,,,,,,,,
2019-12-31,51,53,17,72,69,49,72,23,25380,20100,5280,1260,14730,4110,46,79,270,10770,,2019-12-31T02:34:40-05:00,2019-12-31T09:37:40-05:00,49.24,46,90,-0.28,14.125,64,82,100,43,1,44,100,578,2915,500,11126,9779,515,365,531,22,0,7,1.59375,0,73,35,53,87,98,95,99,,100
2020-01-01,45,53,45,61,51,43,46,1,28320,20100,8220,3300,13260,3540,40,71,2100,13920,,2020-01-01T04:58:37-05:00,2020-01-01T12:50:37-05:00,69.58,57,38,0.5,14.125,58,73,100,25,1,39,100,71,2108,200,1512,1175,441,790,62,4,0,143,1.125,0,44,26,34,90,91,62,18,,39
2020-01-02,,,,,,,,,,,,,,,,,,,,,,,,,,,66,100,100,43,1,37,100,211,2381,200,4015,3903,289,101,163,9,0,878,1.34375,0,,,,,,,,,
2020-01-03,46,46,15,60,60,48,78,14,24420,18270,6150,1110,13710,3450,42,75,420,12060,,2020-01-03T03:10:11-05:00,2020-01-03T09:57:11-05:00,54.63,50,82,-0.14,13.625,60,77,78,43,1,32,100,76,2105,250,1531,1196,530,827,81,2,0,0,1.125,2,63,28,25,96,97,100,96,,97
2020-01-04,59,82,34,45,81,41,67,17,32760,27420,5340,2460,22350,2610,64,84,150,15480,,2020-01-04T01:55:13-05:00,2020-01-04T11:01:13-05:00,50.68,48,95,0.1,13.875,64,97,95,43,1,26,100,30,2041,350,598,535,334,685,33,1,0,387,1.09375,1,69,47,28,100,92,96,100,,100
2020-01-05,67,90,64,33,81,45,86,23,35100,29430,5670,4620,22860,1950,56,84,600,16980,,2020-01-05T00:53:28-05:00,2020-01-05T10:38:28-05:00,50.97,47,100,-0.16,14.125,77,84,95,60,40,76,100,722,2870,500,8945,13287,464,583,276,86,2,29,1.5625,1,75,59,46,100,87,99,100,,100
2020-01-06,59,65,51,48,76,42,81,47,28080,23130,4950,3660,16650,2820,51,82,480,13740,,2020-01-06T00:55:03-05:00,2020-01-06T08:43:03-05:00,52.41,48,89,-0.18,13.5,87,76,95,78,71,96,100,651,2823,500,7627,11786,522,556,272,77,0,13,1.5625,1,73,47,49,84,100,99,94,,100
2020-01-07,68,93,60,41,86,42,48,56,35220,30240,4980,4290,23550,2400,58,86,2040,17820,,2020-01-06T23:30:19-05:00,2020-01-07T09:17:19-05:00,51.98,46,121,-0.2,13.75,81,74,95,60,71,96,98,307,2415,500,5724,5749,543,642,214,18,0,23,1.3125,1,74,60,65,85,91,98,100,,54
2020-01-08,58,73,34,26,48,40,75,83,35760,25140,10620,2460,21120,1560,55,70,330,15150,,2020-01-07T23:19:33-05:00,2020-01-08T09:15:33-05:00,51.34,45,113,0.18,14.125,88,68,95,78,96,98,100,633,2813,500,6163,11280,593,521,240,84,1,1,1.53125,1,81,45,73,94,92,90,100,,100
2020-01-09,65,75,48,38,86,43,91,59,29700,25530,4170,3480,19830,2220,54,86,720,14370,,2020-01-09T00:21:09-05:00,2020-01-09T08:36:09-05:00,51.92,48,97,0,13.625,86,79,100,60,96,97,100,292,2389,500,5792,5334,527,635,207,24,0,47,1.3125,0,81,56,75,80,85,100,99,,100
2020-01-10,79,89,77,54,98,52,89,80,31560,29190,2370,5520,20550,3120,44,92,660,15900,,2020-01-09T23:14:26-05:00,2020-01-10T08:00:26-05:00,54.88,49,75,0.24,13.625,90,76,95,78,100,98,100,692,2900,600,7759,12282,529,493,301,81,0,36,1.59375,1,85,76,83,96,87,84,76,,100
2020-01-11,76,83,76,58,98,59,67,78,29820,27570,2250,5430,18810,3330,44,92,150,14520,,2020-01-10T23:41:12-05:00,2020-01-11T07:58:12-05:00,54.69,50,74,-0.21,13.5,89,69,100,78,100,97,100,298,2478,500,5556,5225,639,345,253,14,0,189,1.375,0,83,72,87,84,81,98,76,,100
2020-01-12,58,57,58,67,81,54,78,11,25020,21120,3900,4170,13050,3900,48,84,1350,12390,,2020-01-12T03:25:47-05:00,2020-01-12T10:22:47-05:00,55.25,52,77,-0.01,13.875,85,73,100,60,96,95,100,179,2236,500,3725,3326,537,735,165,3,0,0,1.21875,0,76,45,80,89,86,100,69,,99
2020-01-13,74,85,74,47,83,55,78,74,33000,28170,4830,5280,20160,2730,43,85,390,15540,,2020-01-12T23:32:11-05:00,2020-01-13T08:42:11-05:00,55.56,48,75,0.03,14.125,81,59,78,60,96,96,100,595,2750,500,6338,10777,659,450,248,74,1,8,1.5,2,80,69,77,100,93,100,78,,73
2020-01-14,54,55,38,32,96,58,75,16,22560,20610,1950,2730,15960,1920,58,91,330,11430,,2020-01-14T03:11:45-05:00,2020-01-14T09:27:45-05:00,56.14,52,80,0.12,14.25,87,90,100,60,96,96,100,348,2458,350,6154,6091,447,692,254,26,0,21,1.34375,0,68,39,70,77,87,94,62,,88
2020-01-15,,,,,,,,,,,,,,,,,,,,,,,,,,,74,75,78,43,71,84,100,68,2105,500,1489,1171,562,524,69,1,0,284,1.15625,2,84,85,76,100,89,0,0,,0
2020-01-16,71,81,43,61,97,49,81,67,29760,27240,2520,3120,20580,3540,56,92,480,14880,,2020-01-15T23:57:43-05:00,2020-01-16T08:13:43-05:00,50.72,47,96,-0.06,14.125,85,75,95,60,96,96,100,650,2803,600,6769,11835,525,572,226,85,1,31,1.53125,1,87,64,79,97,96,100,100,,100
2020-01-17,65,71,60,38,97,56,67,51,26760,24630,2130,4320,18120,2190,43,92,150,13290,,2020-01-17T00:55:06-05:00,2020-01-17T08:21:06-05:00,53.67,50,80,-0.24,14.5,75,50,100,43,71,95,100,248,2374,500,4827,4506,748,444,224,9,0,15,1.34375,0,79,55,78,84,89,97,87,,94
2020-01-18,65,68,46,82,95,59,78,20,26460,23790,2670,3360,15690,4740,47,90,390,12870,,2020-01-18T02:18:59-05:00,2020-01-18T09:39:59-05:00,51.85,49,86,0.18,13.875,81,100,100,43,71,85,100,289,2391,500,6094,4909,236,557,288,9,0,350,1.3125,0,81,55,76,84,88,89,94,,100
2020-01-19,79,87,71,96,97,65,64,58,31200,28710,2490,5100,17430,6180,42,92,90,15720,,2020-01-19T00:00:19-05:00,2020-01-19T08:40:19-05:00,54.37,49,81,-0.08,13.5,84,69,100,60,96,96,100,600,2703,600,6374,10952,547,607,203,81,2,0,1.5,0,87,76,81,100,91,100,87,,100
2020-01-20,76,81,82,63,97,59,86,64,29520,27060,2460,5850,17550,3660,41,92,600,14850,,2020-01-20T00:04:31-05:00,2020-01-20T08:16:31-05:00,53.23,48,90,-0.13,14.5,84,78,78,60,96,98,100,697,2829,600,7735,12938,505,551,258,92,0,34,1.59375,2,85,71,88,84,88,100,100,,72
2020-01-21,68,66,44,42,86,51,99,98,27180,23340,3840,3180,17730,2430,47,86,870,13200,,2020-01-20T23:24:29-05:00,2020-01-21T06:57:29-05:00,48.98,46,97,0.01,14.125,81,65,78,60,96,97,98,295,2405,500,6033,5458,616,552,256,10,0,6,1.34375,2,82,59,81,85,72,100,100,,100
2020-01-22,83,100,66,95,86,56,67,79,39060,33600,5460,4710,23460,5430,48,86,180,20160,,2020-01-21T22:05:50-05:00,2020-01-22T08:56:50-05:00,52.91,47,97,0.02,14.5,81,66,60,60,100,98,100,515,2594,650,4005,9404,628,592,128,77,1,14,1.4375,3,89,82,93,91,76,100,100,,84
2020-01-23,70,78,38,41,90,52,99,79,29880,26310,3570,2760,21150,2400,56,88,870,15000,,2020-01-22T23:31:59-05:00,2020-01-23T07:49:59-05:00,49.14,45,91,-0.01,14.125,84,63,95,60,100,99,100,649,2788,600,6140,11790,581,534,225,92,0,8,1.5625,1,86,62,93,83,74,100,98,,100
2020-01-24,61,67,59,34,65,47,83,66,30420,23520,6900,4170,17370,1980,50,77,510,15060,,2020-01-23T23:55:54-05:00,2020-01-24T08:22:54-05:00,52.2,48,76,-0.19,14.125,81,59,78,60,100,98,98,381,2549,500,8266,6861,661,471,270,35,0,3,1.40625,2,81,48,87,83,71,98,96,,100
2020-01-25,70,94,88,42,81,47,67,20,35820,30210,5610,6240,21510,2460,48,84,180,17670,,2020-01-25T00:58:58-05:00,2020-01-25T10:55:58-05:00,66.84,55,47,0.47,14.875,85,73,100,60,100,97,100,135,2218,350,2846,2231,600,533,145,5,0,157,1.21875,0,67,62,94,87,75,64,42,,19
2020-01-26,62,67,72,59,96,57,67,7,25920,23640,2280,5070,15150,3420,46,91,180,12360,,2020-01-26T03:47:36-05:00,2020-01-26T10:59:36-05:00,54.17,51,80,0.28,14.5,87,85,95,60,100,98,100,577,2643,500,4186,10584,477,689,180,86,0,8,1.4375,1,81,49,89,97,83,81,74,,99
2020-01-27,69,83,56,26,83,48,86,72,32400,27510,4890,4020,21930,1560,55,85,600,15120,,2020-01-26T23:43:34-05:00,2020-01-27T08:43:34-05:00,50.17,47,103,-0.05,14.625,84,63,95,60,100,99,100,701,2890,600,7308,12422,639,416,245,91,0,49,1.59375,1,87,60,91,92,80,100,100,,98
2020-01-28,39,24,12,15,86,50,86,31,14460,12390,2070,900,10620,870,43,86,600,7320,,2020-01-28T03:14:06-05:00,2020-01-28T07:15:06-05:00,54.02,50,72,-0.06,14.125,86,56,95,78,100,100,98,807,3091,300,10676,14072,724,278,325,113,0,0,1.75,1,58,13,69,78,75,100,72,,41
2020-01-29,53,56,37,53,97,45,70,10,22800,20880,1920,2700,15150,3030,55,92,240,11430,,2020-01-29T03:46:23-05:00,2020-01-29T10:06:23-05:00,59.87,55,57,0.09,14.625,84,72,78,78,100,99,89,230,2278,300,4984,4483,556,710,157,14,0,3,1.25,2,58,35,61,69,70,97,42,,83
2020-01-30,74,90,69,35,96,50,83,62,32340,29250,3090,4890,22320,2040,47,90,540,15780,,2020-01-29T23:52:41-05:00,2020-01-30T08:51:41-05:00,52.07,47,92,-0.01,14,90,76,100,78,96,98,100,544,2779,500,10627,9918,542,442,412,35,0,9,1.5625,0,81,68,68,98,76,100,97,,100
2020-01-31,53,63,28,40,69,43,91,19,28680,22560,6120,2010,18210,2340,56,79,1080,15060,,2020-01-31T01:49:42-05:00,2020-01-31T09:47:42-05:00,60.15,50,66,-0.11,14.25,93,72,95,95,96,97,100,529,2767,300,10946,9694,566,416,411,28,0,19,1.53125,1,57,35,64,89,75,100,66,,6
2020-02-01,49,58,24,44,55,42,91,9,29160,21360,7800,1800,17010,2550,53,73,1050,15870,,2020-02-01T02:38:53-05:00,2020-02-01T10:44:53-05:00,57.94,49,79,-0.02,15,97,84,100,100,96,96,100,617,2817,300,12015,11456,480,510,409,39,2,0,1.5625,0,63,29,60,88,75,100,83,,52
2020-02-02,80,93,96,98,98,71,67,8,32160,30030,2130,7380,15060,7590,34,93,180,15780,,2020-02-02T02:43:59-05:00,2020-02-02T11:39:59-05:00,66.59,59,35,0.13,14.75,93,76,100,100,71,95,100,335,2430,300,6355,6364,537,657,226,20,0,0,1.34375,0,66,77,69,89,73,94,5,,100
2020-02-03,,,,,,,,,,,,,,,,,,,,,,,,,,,86,72,100,95,40,85,100,294,2373,500,6477,5742,236,370,154,26,0,654,1.34375,0,82,85,77,96,78,0,0,,0
2020-02-07,,,,,,,,,,,,,,,,,,,,,,,,,,,63,100,95,43,1,20,100,41,2070,500,799,766,222,301,51,0,0,866,1.1875,1,,,,,,,,,
2020-02-08,79,100,97,70,81,45,83,46,39660,33300,6360,7530,21750,4020,50,84,1230,19800,,2020-02-07T23:17:00-05:00,2020-02-08T10:18:00-05:00,56.13,49,78,0.01,14.375,55,66,95,25,1,32,100,356,2474,500,7101,6589,623,504,231,28,0,54,1.375,1,84,75,91,0,86,100,68,,100
2020-02-09,54,53,41,50,83,59,70,25,23580,20010,3570,2910,14250,2850,47,85,210,10650,,2020-02-09T02:32:01-05:00,2020-02-09T09:05:01-05:00,64.18,58,50,0.11,14.5,70,72,95,25,40,93,100,688,2800,300,7696,12658,551,556,193,103,2,35,1.5625,1,63,36,82,89,88,95,7,,86
2020-02-10,74,97,66,43,96,53,75,42,34440,31440,3000,4650,24300,2490,53,91,360,16980,,2020-02-10T00:12:38-05:00,2020-02-10T09:46:38-05:00,54.14,50,83,0.1,14.125,76,76,78,43,71,97,100,614,2703,600,5711,11018,548,621,176,91,2,2,1.5,2,86,68,91,82,82,96,93,,100
2020-02-11,59,79,38,27,69,42,67,53,33600,26520,7080,2730,22200,1590,58,79,1590,16650,,2020-02-10T23:55:45-05:00,2020-02-11T09:15:45-05:00,52.66,49,94,0.26,13.875,85,76,95,60,96,99,98,736,2888,500,7877,13526,555,539,249,94,1,2,1.59375,1,81,44,92,86,81,83,86,,100
2020-02-12,52,59,19,39,53,41,94,52,30000,21420,8580,1410,17760,2250,56,71,780,15480,,2020-02-12T00:18:10-05:00,2020-02-12T08:38:10-05:00,49.33,45,107,-0.01,14.625,87,75,95,78,100,100,89,513,2623,500,4917,9380,548,526,172,70,0,124,1.46875,1,78,33,84,81,76,100,96,,100
2020-02-13,69,90,85,29,76,45,62,55,36000,29430,6570,6060,21660,1710,55,82,1710,17640,,2020-02-12T23:35:07-05:00,2020-02-13T09:35:07-05:00,52.85,47,90,-0.31,14.125,82,60,100,78,100,99,80,194,2299,600,3780,3482,637,627,159,11,0,6,1.25,0,86,60,89,90,78,94,100,,100
2020-02-14,71,78,55,73,96,53,72,63,28860,26190,2670,3960,18030,4200,45,91,300,14070,,2020-02-14T00:19:42-05:00,2020-02-14T08:20:42-05:00,53.97,50,79,0.03,14.25,92,75,78,95,100,98,100,695,2984,500,12655,12662,573,293,423,61,3,87,1.65625,2,84,63,89,96,84,100,77,,100
2020-02-15,69,59,66,95,96,77,99,11,23580,21420,2160,4680,11250,5490,37,91,900,11910,,2020-02-15T03:28:31-05:00,2020-02-15T10:01:31-05:00,64.71,58,40,0.2,13.875,98,95,95,100,100,97,100,530,2704,350,10195,9781,391,520,365,35,1,128,1.5,1,68,60,81,81,80,88,30,,83
2020-02-16,63,65,75,55,88,68,75,11,26340,22950,3390,5310,14490,3150,49,87,360,12420,,2020-02-16T03:24:32-05:00,2020-02-16T10:43:32-05:00,71.94,66,29,0.31,14.75,92,76,78,95,100,96,100,110,2133,300,2549,1846,568,754,114,4,0,0,1.15625,2,64,50,76,97,81,78,1,,96
2020-02-17,75,84,66,80,86,63,94,40,32280,27900,4380,4710,18630,4560,39,86,990,15390,,2020-02-17T00:42:32-05:00,2020-02-17T09:40:32-05:00,53.32,49,91,0.01,14.625,86,71,78,78,96,91,100,364,2467,600,7105,6836,598,538,234,26,1,43,1.375,2,86,69,80,100,89,100,94,,100
2020-02-18,61,72,51,41,83,59,43,51,29220,24870,4350,3630,18870,2370,54,85,2160,14550,,2020-02-18T00:35:29-05:00,2020-02-18T08:42:29-05:00,50.69,46,99,-0.14,13.875,71,57,43,60,71,72,100,210,2289,500,4348,3945,652,568,165,13,0,42,1.28125,4,82,47,79,90,91,100,100,,100
2020-02-19,60,79,43,35,76,43,64,44,32340,26490,5850,3090,21360,2040,60,82,1650,16170,,2020-02-19T00:22:30-05:00,2020-02-19T09:21:30-05:00,51.25,47,93,0.11,14.125,71,76,95,43,40,68,100,350,2434,500,7222,6637,540,606,237,27,0,30,1.34375,1,83,45,80,93,95,96,100,,100
2020-02-20,68,81,60,29,88,50,78,65,31080,27030,4050,4290,21030,1710,55,87,390,14850,,2020-02-20T00:00:36-05:00,2020-02-20T08:38:36-05:00,51.56,48,92,-0.38,14,71,75,95,43,40,73,100,550,2760,600,11022,9942,559,385,432,32,0,32,1.53125,1,85,58,82,95,95,92,92,,100
2020-02-21,56,52,48,39,95,68,67,27,21900,19740,2160,3450,14040,2250,42,90,180,10350,,2020-02-21T02:31:33-05:00,2020-02-21T08:36:33-05:00,63.64,56,44,0.02,14.375,73,78,78,43,40,95,100,805,3095,300,15305,14854,571,289,449,70,4,57,1.75,2,63,39,73,88,92,100,30,,71
2020-02-22,36,37,30,21,60,24,78,9,21180,15900,5280,2190,12480,1230,45,75,1350,10980,,2020-02-22T03:55:56-05:00,2020-02-22T09:48:56-05:00,62.14,54,54,0.01,14.125,76,84,95,43,40,95,100,501,2674,200,10102,9514,429,592,402,17,0,0,1.46875,1,48,7,58,75,84,100,47,,26
2020-02-23,67,83,60,64,98,47,67,21,29460,27540,1920,4320,19560,3660,57,93,150,14460,,2020-02-23T01:47:26-05:00,2020-02-23T09:58:26-05:00,50.47,48,107,-0.11,14.125,66,61,43,43,40,86,100,209,2284,500,4000,3945,668,572,176,10,0,14,1.25,4,70,56,34,98,77,100,100,,100
2020-02-24,60,73,33,30,72,45,97,46,31560,25140,6420,2400,20940,1800,57,80,930,14790,,2020-02-24T00:39:33-05:00,2020-02-24T09:25:33-05:00,50.74,45,100,-0.06,14.25,81,70,95,60,71,96,100,512,2595,500,4603,9247,572,664,121,81,0,2,1.40625,1,71,45,44,92,87,100,100,,100
2020-02-25,74,93,61,50,62,44,97,74,39360,29970,9390,4380,22740,2850,54,76,930,16950,,2020-02-24T23:08:31-05:00,2020-02-25T10:04:31-05:00,49.74,47,106,0.03,14,89,86,78,78,96,97,100,549,2672,500,5338,9943,490,610,171,78,0,91,1.46875,2,82,68,67,89,85,100,100,,100
2020-02-26,60,72,25,30,60,47,99,64,33420,24870,8550,1830,21240,1800,57,74,870,15750,,2020-02-25T23:47:33-05:00,2020-02-26T09:04:33-05:00,50.66,47,109,-0.11,14.75,85,62,78,78,96,96,98,195,2323,500,3934,3384,656,575,205,4,0,0,1.28125,2,79,45,71,92,85,100,100,,100
2020-02-27,74,85,45,53,79,50,97,92,34020,28170,5850,3210,21900,3060,46,83,840,16890,,2020-02-26T22:34:22-05:00,2020-02-27T08:01:22-05:00,49.89,46,96,-0.18,14.375,87,75,78,78,96,96,100,345,2489,600,7024,6097,551,563,259,23,0,44,1.375,2,89,68,84,94,94,99,100,94,100
2020-02-28,69,94,62,38,72,46,70,51,37860,30300,7560,4440,23670,2190,54,80,210,18570,,2020-02-27T23:28:15-05:00,2020-02-28T09:59:15-05:00,52.37,47,94,-0.01,14.875,78,61,78,60,71,95,100,291,2382,650,5778,5311,602,531,215,23,0,69,1.34375,2,90,60,93,95,95,100,100,94,98
2020-02-29,58,72,60,30,65,41,89,21,32460,24900,7560,4260,18870,1770,61,77,1110,16080,,2020-02-29T01:18:17-05:00,2020-02-29T10:19:17-05:00,53.44,47,87,-0.12,14.125,84,95,100,60,71,86,100,635,2792,500,12748,12566,353,561,474,23,0,29,1.5625,0,79,42,77,93,99,100,100,91,54
2020-03-01,52,54,40,26,79,50,59,48,24480,20280,4200,2880,15840,1560,53,83,1800,12570,,2020-03-01T01:13:02-05:00,2020-03-01T08:01:02-05:00,54.34,47,76,-0.08,14.125,93,99,95,78,96,96,100,997,3149,500,14970,19655,296,551,406,110,0,77,1.78125,1,73,33,70,95,92,100,71,88,77
2020-03-02,70,82,42,26,93,45,97,89,30960,27420,3540,3030,22860,1530,60,89,840,15360,,2020-03-01T23:04:31-05:00,2020-03-02T07:40:31-05:00,52.86,47,82,-0.08,14,78,66,43,60,96,97,100,478,2592,500,9455,9225,618,546,208,52,1,15,1.4375,4,82,61,75,85,79,100,100,87,100
2020-03-03,79,94,85,36,97,45,78,98,32760,30300,2460,5970,22260,2070,53,92,390,16200,,2020-03-02T22:33:00-05:00,2020-03-03T07:39:00-05:00,50.49,46,103,-0.03,14.375,78,65,43,60,96,99,100,732,2855,600,9270,13650,615,526,188,107,4,0,1.59375,4,86,75,83,84,77,100,100,88,100
2020-03-04,73,83,54,25,96,48,97,91,30240,27600,2640,3870,22260,1470,53,91,960,15420,,2020-03-03T22:59:31-05:00,2020-03-04T07:23:31-05:00,53.71,49,93,0.07,14.125,78,49,60,60,96,98,100,215,2325,500,4448,3923,761,494,175,10,0,0,1.3125,3,78,66,85,73,70,99,87,88,62
2020-03-05,71,77,35,57,95,49,83,97,29100,26160,2940,2580,20280,3300,45,90,540,14670,,2020-03-04T23:00:31-05:00,2020-03-05T07:05:31-05:00,52.62,46,101,0.08,14.5,79,53,60,60,100,98,100,481,2607,500,10149,9127,711,452,212,54,3,8,1.46875,3,78,63,85,86,77,98,100,89,27
2020-03-06,69,73,57,59,88,55,75,74,28740,24960,3780,4080,17460,3420,43,87,360,13650,,2020-03-06T00:03:48-05:00,2020-03-06T08:02:48-05:00,53.47,49,88,-0.08,14.625,84,68,43,78,100,99,100,703,2838,500,8772,12838,607,515,220,97,1,0,1.59375,4,82,60,84,77,76,100,87,88,100
2020-03-07,77,80,81,51,93,53,97,86,29880,26700,3180,5730,18060,2910,45,89,810,15000,,2020-03-06T23:16:41-05:00,2020-03-07T07:34:41-05:00,58.55,52,74,0.02,14.75,86,80,95,60,100,98,100,432,2610,500,8846,7732,513,453,413,16,0,45,1.46875,1,79,72,86,78,72,100,56,86,100
2020-03-08,65,94,92,13,81,55,37,13,36180,30300,5880,6540,23010,750,47,84,2280,18210,,2020-03-08T01:30:03-04:00,2020-03-08T11:33:03-04:00,57.44,52,72,-0.03,14.125,77,63,78,43,100,96,100,138,2169,500,2897,2496,650,663,121,6,0,0,1.1875,2,80,53,98,95,78,100,65,75,94
2020-03-09,75,69,52,95,96,78,97,47,26460,24060,2400,3720,14760,5580,35,91,840,13170,,2020-03-09T01:05:35-04:00,2020-03-09T08:26:35-04:00,56.12,52,60,-0.03,14,72,54,43,43,96,96,100,331,2411,500,7034,6305,717,530,157,34,1,1,1.34375,4,80,69,93,97,85,100,66,64,89
2020-03-10,74,72,60,68,96,67,81,82,27240,24780,2460,4230,16650,3900,30,91,450,13590,,2020-03-09T23:47:37-04:00,2020-03-10T07:21:37-04:00,57.19,52,59,-0.03,13.875,64,45,43,25,71,95,100,365,2477,500,7436,6942,706,519,173,42,0,0,1.40625,4,77,68,90,84,87,100,67,55,93
2020-03-11,69,73,48,81,95,52,70,60,27840,25080,2760,3480,17010,4590,45,90,210,13530,,2020-03-11T00:32:50-04:00,2020-03-11T08:16:50-04:00,55.71,50,69,-0.02,14.25,74,53,60,43,96,96,100,502,2597,450,8315,9606,712,444,210,61,0,13,1.5,3,78,60,88,84,88,100,84,53,95
2020-03-12,68,59,41,92,93,63,94,61,24000,21420,2580,3000,13200,5220,33,89,780,12240,,2020-03-12T00:53:45-04:00,2020-03-12T07:33:45-04:00,55.61,51,74,0.07,14.5,76,53,43,60,96,97,100,586,2738,350,8182,10951,708,418,198,78,0,38,1.53125,4,69,58,81,78,86,99,76,53,40
2020-03-13,73,70,71,81,97,72,70,54,26460,24180,2280,5040,14520,4620,33,91,240,12720,,2020-03-13T01:00:30-04:00,2020-03-13T08:21:30-04:00,57.23,53,75,-0.04,14.5,76,82,78,43,71,97,98,446,2548,500,9194,8744,492,578,278,30,0,62,1.40625,2,71,66,75,76,82,100,61,56,89
2020-03-14,74,95,75,15,96,44,70,82,33540,30540,3000,5310,24360,870,58,91,240,16440,,2020-03-13T23:00:50-04:00,2020-03-14T08:19:50-04:00,58.11,54,66,0.16,15.25,71,50,60,43,71,96,100,219,2322,500,4919,4106,772,481,175,9,0,3,1.3125,3,74,68,83,94,82,91,47,53,100
2020-03-15,72,86,82,64,72,64,70,38,35400,28260,7140,5790,18840,3630,43,80,210,18180,,2020-03-15T00:22:29-04:00,2020-03-15T10:12:29-04:00,57.44,53,64,0.2,14.125,69,45,60,43,71,92,100,177,2253,300,3825,3328,720,579,131,10,0,0,1.25,3,66,64,66,86,91,88,72,46,48
2020-03-16,72,75,47,76,88,63,99,51,29340,25620,3720,3390,17910,4320,37,87,870,13860,,2020-03-16T00:46:48-04:00,2020-03-16T08:55:48-04:00,54.01,51,71,-0.13,14.125,82,70,78,60,96,96,100,551,2646,500,7022,10368,582,450,124,90,0,194,1.46875,2,77,64,69,90,100,100,88,50,100
2020-03-17,64,56,38,71,100,74,70,54,21960,20820,1140,2730,14010,4080,28,95,240,10860,,2020-03-17T01:30:11-04:00,2020-03-17T07:36:11-04:00,54.36,48,77,-0.08,14.375,70,26,20,60,96,95,100,144,2223,350,2889,2788,946,390,93,11,0,0,1.25,6,69,52,63,85,97,100,81,55,66
2020-03-18,60,56,32,96,83,55,75,34,24300,20670,3630,2310,12510,5850,41,85,330,12030,,2020-03-18T01:49:28-04:00,2020-03-18T08:34:28-04:00,47.91,44,98,-0.3,13.875,67,47,43,43,71,85,100,188,2252,300,3959,3422,757,523,145,15,0,0,1.28125,4,67,45,39,76,95,95,95,75,79
2020-03-19,76,80,68,62,96,68,72,77,29400,26880,2520,4830,18540,3510,37,91,270,14220,,2020-03-18T23:49:22-04:00,2020-03-19T07:59:22-04:00,56.07,51,57,0.09,14.25,59,53,60,25,40,67,100,145,2164,200,3183,2799,686,626,125,3,0,0,1.21875,3,71,71,46,87,93,97,71,66,100
2020-03-20,57,55,35,37,96,54,83,48,22680,20640,2040,2490,16020,2130,44,91,510,11310,,2020-03-20T01:34:31-04:00,2020-03-20T07:52:31-04:00,53.53,49,78,-0.07,14.625,56,38,60,25,40,61,100,292,2387,300,6104,5639,852,368,202,18,0,0,1.375,3,60,41,20,92,89,100,88,69,70
2020-03-21,71,73,66,77,96,74,81,21,27360,24930,2430,4680,15900,4350,34,91,450,14100,,2020-03-21T01:55:09-04:00,2020-03-21T09:31:09-04:00,51.19,47,99,-0.05,14.875,61,65,78,25,40,53,100,297,2359,500,6402,5594,628,577,222,13,0,0,1.3125,2,72,63,35,75,92,100,100,85,90
2020-03-22,73,95,70,47,96,51,86,22,33600,30600,3000,4980,22950,2670,46,91,600,17160,,2020-03-22T00:54:43-04:00,2020-03-22T10:14:43-04:00,57.83,49,72,-0.05,14.875,57,53,78,25,40,43,100,115,2139,500,2386,1988,735,583,118,4,0,0,1.1875,2,71,66,51,90,94,100,94,83,34
2020-03-23,,,,,,,,,,,,,,,,,,,,,,,,,,,46,56,78,1,1,31,100,52,2090,500,1148,786,706,409,69,0,0,256,1.1875,2,76,77,59,90,91,0,0,85,0
2020-03-24,65,59,35,93,98,62,81,48,23160,21450,1710,2580,13590,5280,37,93,480,11580,,2020-03-24T01:30:41-04:00,2020-03-24T07:56:41-04:00,56.26,50,73,-0.17,14.625,42,38,60,1,1,37,100,269,2378,500,6035,5126,847,386,184,23,0,0,1.34375,3,73,53,59,92,88,99,87,83,69
2020-03-25,68,65,50,96,98,75,70,30,24900,23100,1800,3570,13260,6270,29,93,240,12090,,2020-03-25T01:56:32-04:00,2020-03-25T08:51:32-04:00,52.6,47,90,-0.18,14.375,37,35,15,1,1,38,100,114,2147,500,2054,2036,873,483,73,9,2,0,1.21875,7,77,58,60,77,90,99,100,86,83
2020-03-26,71,77,58,54,96,63,91,42,28620,26130,2490,4140,18870,3120,38,91,690,14640,,2020-03-26T00:52:07-04:00,2020-03-26T08:49:07-04:00,56.75,48,77,-0.44,14.75,46,57,60,1,1,45,100,292,2355,350,5964,5749,699,497,191,23,0,30,1.3125,3,69,63,65,80,88,90,86,85,5
2020-03-27,67,79,50,34,95,45,97,47,29400,26460,2940,3570,20940,1950,49,90,960,14910,,2020-03-27T00:35:31-04:00,2020-03-27T08:45:31-04:00,60.86,53,72,0.14,14.75,59,50,60,25,40,69,100,405,2516,300,4931,7555,741,448,197,47,0,7,1.4375,3,66,56,70,84,91,93,62,81,14
2020-03-28,57,71,47,8,93,43,86,27,27780,24630,3150,3330,20820,480,55,89,1170,14250,,2020-03-28T01:27:09-04:00,2020-03-28T09:10:09-04:00,57.4,51,75,-0.23,14.875,63,60,95,25,40,63,100,200,2270,250,4322,3724,641,616,178,5,0,0,1.28125,1,71,41,72,78,96,97,63,80,83
2020-03-29,57,65,52,67,72,52,56,21,28740,22950,5790,3690,15450,3810,43,80,1830,14610,,2020-03-29T01:42:29-04:00,2020-03-29T09:41:29-04:00,58.49,50,70,0.02,15.125,59,63,60,25,40,55,100,67,2131,300,1404,1051,691,351,68,2,0,328,1.21875,3,61,41,45,92,99,100,81,67,18
2020-03-30,45,21,7,89,83,63,91,17,12840,10830,2010,510,5280,5040,33,84,720,6510,,2020-03-30T04:22:53-04:00,2020-03-30T07:56:53-04:00,45.69,43,93,-0.04,14.125,45,1,25,25,40,45,100,70,2161,250,1480,1217,1038,329,71,2,0,0,1.21875,5,55,22,27,92,97,100,82,75,25
2020-03-31,61,61,41,58,98,62,78,25,23640,21930,1710,3000,15570,3360,37,93,420,11700,,2020-03-31T02:14:44-04:00,2020-03-31T08:48:44-04:00,54.33,50,79,-0.09,15,,,,,,,,,,,,,,,,,,,,,60,47,27,73,93,100,95,76,41
